{
  "custom-media": {
    "--portrait": "(orientation: portrait)",
    "--xs": "(width < 20em)",
    "--sm": "(width > 20em)",
    "--sm-ish": "(width > 30em)",
    "--md": "(width > 40em)",
    "--lg": "(width > 60em)",
    "--xl": "(width > 1240px)",
    "--xxl": "(width > 1614px)",
    "--fullscreen": "(display-mode: fullscreen)"
  },
  "custom-selectors": {
    ":--headings": "h1, .alpha, h2, .beta, h3, .gamma, h4, .delta, h5, .epsilon"
  },
  "custom-properties": {
    "--f-body": "sans-serif, system-ui",
    "--f-display": "sans-serif, system-ui",
    "--c-body": "#000000",
    "--c-grey": "#262626"
  }
}
